<?xml version="1.0" encoding='ISO-8859-1'?>
<!-- Define general information here. -->
<dynamicTemplateSystem id="dts.helloWorld" name="Dynamic Template System Hello World Sample-Project">	
	<!-- Register all plugins you want to be able to use. Pick any key you want to use, but be sure to provide the fullqualified classnaem as class. -->
	<plugins>
		<processing key="clearDir" class="de.groth.dts.dto.impl.processings.ProcessingTypeClearDirectory" />
		<processing key="copy" class="de.groth.dts.dto.impl.processings.ProcessingTypeCopyRessources" />
		<processing key="delete" class="de.groth.dts.dto.impl.processings.ProcessingTypeDeleteRessources" />
		<processing key="generateConfig" class="de.groth.dts.dto.impl.processings.ProcessingTypeGenerateConfig" />
		
		<parameter key="empty" class="de.groth.dts.dto.impl.parameters.ParameterTypeEmpty" />
		<parameter key="simple" class="de.groth.dts.dto.impl.parameters.ParameterTypeSimple" />
		<parameter key="complex" class="de.groth.dts.dto.impl.parameters.ParameterTypeComplex" />
		<parameter key="fileContent" class="de.groth.dts.dto.impl.parameters.ParameterTypeFileContent" />
		<parameter key="stateful" class="de.groth.dts.dto.impl.parameters.ParameterTypeStateful" />
		<parameter key="page" class="de.groth.dts.dto.impl.parameters.ParameterTypePage" />
		
		<generic key="dts.page.dynamic.path" class="de.groth.dts.dto.impl.generics.GenericTypePageDynamicPath" />
		<generic key="dts.page.id" class="de.groth.dts.dto.impl.generics.GenericTypePageId" />
		<generic key="dts.current.date" class="de.groth.dts.dto.impl.generics.GenericTypeCurrentDate" />
		<generic key="dts.propertyReader" class="de.groth.dts.dto.impl.generics.GenericTypePropertyReader" />
	</plugins>
	
	<!-- Define processings. Processings are executed when exporting all pages (e. g. when using BatchInvoker) -->
	<processings>
		<!-- Processings before exporting pages -->
		<pre>
			<!-- Clear output dir -->
			<processing type="clearDir" path="." />
		</pre>
		<!-- Processings after exporting pages -->
		<post>
			<!-- copy static ressources and delete them afterwards -->
			<!-- we provide a wring path so we can demonstrate the delete-processing ;-) -->
			<processing type="copy" from="static" to="static" />
			<processing type="delete" path="static" />
			
			<!-- copy static ressources -->
			<processing type="copy" from="static" to="." />
			
			<!-- this generates this xml-file, nice to have a backup -->
			<processing type="generateConfig" path="dts.generated" file="config.dts.xml" />
		</post>
	</processings>
	
	<!-- Define themes here. ThemeIDs must be unique -->
	<themes>
		<!-- This is the main one for nearly every page. -->
		<theme id="default" template="themes/helloWorld.html">
			<!-- Define parameterrs. They can be overridden by pages, so this are the default values -->
			<param type="simple" name="theme.title" value="Dynamic Tenmplate System - Hello World"  />
			<param type="complex" name="theme.head" cropCData="1">
			<![CDATA[
				<!-- after generation, no cdata will be left -->
				<!-- you can use cdata cropping if your parameter value is not valid xml content -->
				<!-- this comments will be - of course part of the output -->
				<link type="text/css" href="${dts.page.dynamic.path}styles/basic.css" rel="stylesheet"/>
			]]>
			</param>
			
			<!-- we use the page id as title, this is only possible if parameters are capable of lazy loading. take a look at the manual -->
			<param type="stateful" name="theme.content.title" state="contentTitle" value="${dts.page.id}" />
			
			<!-- for default we don't use the placeholder, so we leave it empty for now -->
			<param type="empty" name="theme.content.placeHolder" />
			
			<!-- the content is included from a seperate file per page, also using lazy initialization -->
			<param type="fileContent" name="theme.content.text" file="data/contentIncludes/${dts.page.id}.inc" />
			
			<!-- we can also do nested pages ... that's cool! -->
			<param type="page" name="theme.content.statistics" page="statistics" />
			
			<!-- hmm ... let's do some more lazy loading stuff with a state ... how about inserting links to the next pge?? -->
			<param type="stateful" name="theme.content.link" state="contentLink" value="${dts.page.id}" />
		</theme>
		
		<!-- This one is used to provide statistic information ... actually nothing to do here, because the file contains only html and generics which do the work for us ... -->
		<theme id="statistics" template="themes/statistics.html" />
	</themes>
	
	<!-- Define concrete pages (each one using a theme) here -->
	<!-- Notice: You can ommit the attribute file, but then this page won't be exported during exportAll. If you try to export such a page explicitly an exception will be thrown! -->
	<pages main="index">
		<!-- Hierarchy-structure of pages:
			Actually not really used, so it's not mandatory. It's planned to use this hierarchy to build some kind of breadbrumb or
			menu structure in the future, we'll see ... 
		-->
		<hierarchy>
			<!-- We define index as one root and page1 and page2 as sibblings under index. statistics is also root, because this can be used everywhere as nested page. -->
			<page id="index">
				<page id="page1" />
				<page id="page2" />
			</page>
			<page id="statistics" />
		</hierarchy>
		
		<!-- index and page1 using only default values, so nothing to do here ... that's comfortable due to ... huh? .. lazy loading! :-) --> 
		<page id="index" theme="default" file="index.html" />
		<page id="page1" theme="default" file="page1.html" />
		
		<!-- page2 overrides the empty parameter 'placeHoder' so now it holds a value (but only for this page of course). We also disable the content.link parameter. -->
		<page id="page2" theme="default" file="page2.html">
			<param type="complex" name="theme.content.placeHolder">
				<p>You are on the last page of this example.</p>
			</param>
			<param type="empty" name="theme.content.link" />
		</page>
		
		<!-- the statistics page does not to do anything, because the theme contains only generics ... -->
		<!-- Note: this one won't be exported -->
		<page id="statistics" theme="statistics" />
	</pages>
	
	<!-- States deliver different values depending on a condition. If a given condition is not found, a runtimeException is thrown. -->
	<states>
		<!-- 
			This state maps the padeId to a more readable title. As you can see there is no value for index given, 
			we're using default here. Otherwise (if no condition and no default found) an exception will be thrown!
		 -->
		<state id="contentTitle">
			<default>Index</default>
			<condition value="page1">Page One</condition>
			<condition value="page2">Page Two</condition>
		</state>
		<!-- We provide links to the next page. You hate to use cropCData here, because pre and post don't contain valid xml. -->
		<!-- We use generics inside the content here, theese will be put in template and replaced after all parameters have been processed ... -->
		<state id="contentLink" cropCData="1">
			<pre><![CDATA[<p><a href="]]></pre>
			<post><![CDATA[">weiter</a></p>]]></post>
			<condition value="index">${dts.page.dynamic.path:page=page1}</condition>
			<condition value="page1">${dts.page.dynamic.path:page=page2}</condition>
		</state>
	</states>
</dynamicTemplateSystem>