<?xml version="1.0" encoding='ISO-8859-1'?>
<!-- Define general information -->
<dynamicTemplateSystem id="dts.helloWorld" name="Dynamic Template System Hello World Sample-Project">	
	<!-- Register all plugins you want to be able to use -->
	<plugins>
		<processing key="clearDir" class="de.groth.dts.dto.impl.processings.ProcessingTypeClearDirectory" />
		<processing key="copy" class="de.groth.dts.dto.impl.processings.ProcessingTypeCopyRessources" />
		<processing key="delete" class="de.groth.dts.dto.impl.processings.ProcessingTypeDeleteRessources" />
		<processing key="generateConfig" class="de.groth.dts.dto.impl.processings.ProcessingTypeGenerateConfig" />
		
		<parameter key="empty" class="de.groth.dts.dto.impl.parameters.ParameterTypeEmpty" />
		<parameter key="simple" class="de.groth.dts.dto.impl.parameters.ParameterTypeSimple" />
		<parameter key="complex" class="de.groth.dts.dto.impl.parameters.ParameterTypeComplex" />
		<parameter key="fileContent" class="de.groth.dts.dto.impl.parameters.ParameterTypeFileContent" />
		<parameter key="stateful" class="de.groth.dts.dto.impl.parameters.ParameterTypeStateful" />
		<parameter key="schedule" class="de.groth.dts.dto.impl.parameters.ParameterTypeSchedule" />
		<parameter key="switch" class="de.groth.dts.dto.impl.parameters.ParameterTypeSwitch" />
		
		<generic key="dts.page.dynamic.path" class="de.groth.dts.dto.impl.generics.GenericTypePageDynamicPath" />
		<generic key="dts.page.id" class="de.groth.dts.dto.impl.generics.GenericTypePageId" />
		
		<switch key="simple" class="de.groth.dts.dto.impl.switches.SwitchTypeSimple" />
		<switch key="complex" class="de.groth.dts.dto.impl.switches.SwitchTypeComplex" />
		<switch key="fileContent" class="de.groth.dts.dto.impl.switches.SwitchTypeFileContent" />
		<switch key="stateful" class="de.groth.dts.dto.impl.switches.SwitchTypeStateful" />
		<switch key="schedule" class="de.groth.dts.dto.impl.switches.SwitchTypeSchedule" />
	</plugins>
	
	<!-- Define processings. Processings are executed when exporting all pages (use StandardInvoker) -->
	<processings>
		<!-- Processings before exporting pages -->
		<pre>
			<!-- Clear output dir -->
			<processing type="clearDir" path="." />
		</pre>
		<!-- Processings after exporting pages -->
		<post>
			<!-- copy static ressources (wrong path) and delete them -->
			<processing type="copy" from="static" to="static" />
			<processing type="delete" path="static" />
			
			<!-- copy static ressources -->
			<processing type="copy" from="static" to="." />
			<processing type="generateConfig" path="dts.generated" file="config.dts.xml" />
		</post>
	</processings>
	
	<!-- Define themes here. ThemeIDs must be unique -->
	<themes>
		<!-- Define a Theme here. This is the main (and only) one -->
		<theme id="default" template="themes/helloWorld.html">
			<!-- Define parameterrs. They can be overridden by pages, so this are the default values -->
			<param type="empty" name="theme.content.placeHolder" />
			<param type="simple" name="theme.title" value="Dynamic Tenmplate System - Hello World"  />
			<param type="complex" name="theme.head" cropCData="1">
			<![CDATA[
				<!-- after generation, no cdata will be left -->
				<!-- use cdata cropping if your parameter value is not valid xml content -->
				<link type="text/css" href="${dts.page.dynamic.path}styles/basic.css" rel="stylesheet"/>
			]]>
			</param>
			
			<param type="stateful" name="theme.content.title" state="contentTitle" value="${dts.page.id}" />
			<param type="fileContent" name="theme.content.text" file="data/contentIncludes/${dts.page.id}.inc" />
			<!-- TODO ScheduleParam -->
			<param type="switch" name="theme.content.link" switch="contentNextPageLink" use="1" />
		</theme>
	</themes>
	
	<!-- Generics:
		Generics can be used to provide more generic and flexible behaviour than parameters, but first of all they are page independent.
		They can also be used in parameter-attributes. See documentation for further information.
		
		In general generics are replaced after all parameters have ben processed. In case of generic parameter attributes this generics
		are processed directly, so th eparameter can be evaluated correctly.
	-->
	<pages main="index">
		<!-- Define hierarchy-structure of pages -->
		<hierarchy>
			<page id="index">
				<page id="page1" />
				<page id="page2" />
			</page>
		</hierarchy>
		
		<!-- Index and Page1 using only default values, Page2 disables switchable parameter and overrides empty parameter so it holds a value -->
		<page id="index" theme="default" file="index.html" />
		<page id="page1" theme="default" file="page1.html" />
		<page id="page2" theme="default" file="page2.html">
			<param type="complex" name="theme.content.placeHolder">
				<p>You are on the last page of this example.</p>
			</param>
			<param type="switch" name="theme.content.link" switch="contentNextPageLink" use="0" />
		</page>
	</pages>
	
	<!-- States deliver different values depending on a condition -->
	<states>
		<state id="contentTitle">
			<condition value="index">Index</condition>
			<condition value="page1">Page One</condition>
			<condition value="page2">Page Two</condition>
		</state>
		<state id="contentLink" cropCData="1">
			<pre><![CDATA[<p><a href="]]></pre>
			<post><![CDATA[">weiter</a></p>]]></post>
			<condition value="index">${dts.page.dynamic.path:page=page1}</condition>
			<condition value="page1">${dts.page.dynamic.path:page=page2}</condition>
		</state>
	</states>
	
	<!-- TODO Schedules -->
	
	<!-- Define switches here. -->
	<switches>
		<!-- This switch invokes another state, also passing generic values -->
		<switch name="contentNextPageLink" type="stateful" state="contentLink" value="${dts.page.id}" />
	</switches>
</dynamicTemplateSystem>