<?xml version="1.0" encoding="UTF-8" ?>
<!DOCTYPE log4j:configuration SYSTEM "log4j.dtd">

<log4j:configuration xmlns:log4j="http://jakarta.apache.org/log4j/">

  <appender name="FileAppenderDebug" class="org.apache.log4j.FileAppender">
    <param name="file" value="dynamicTemplateSystem.debug.log" />
    <param name="Append" value="false" />
	<param name="Threshold" value="DEBUG" />
    <layout class="org.apache.log4j.PatternLayout">
      <param name="ConversionPattern" value="%d{ISO8601} %-5p [%t] %c: %m%n" />
    </layout>
  </appender>
  
  <appender name="FileAppenderInfo" class="org.apache.log4j.FileAppender">
    <param name="file" value="dynamicTemplateSystem.log" />
    <param name="Append" value="false" />
	<param name="Threshold" value="INFO" />
    <layout class="org.apache.log4j.PatternLayout">
      <param name="ConversionPattern" value="%d{ISO8601} %-5p [%t] %c: %m%n" />
    </layout>
  </appender>
  
  <appender name="ConsoleAppender" class="org.apache.log4j.ConsoleAppender">
	<param name="Threshold" value="INFO" />
	<layout class="org.apache.log4j.PatternLayout">
      <param name="ConversionPattern" value="%d{ISO8601} %-5p [%t] %c: %m%n" />
    </layout>
  </appender>

  <root>
    <appender-ref ref="FileAppenderDebug" />
	<appender-ref ref="FileAppenderInfo" />
	<appender-ref ref="ConsoleAppender" />
  </root>

</log4j:configuration>